Date,Tweet_ID,Username,Content,URL
2025-02-23,2097783610944,@taxbuster,Loved the emphasis on clean energy and sustainability!,https://twitter.com/taxbuster/status/2097783610944
2025-03-16,5492368699879,@startupbuddy,"Too much focus on startups, not enough for agriculture.",https://twitter.com/startupbuddy/status/5492368699879
2025-02-18,5392074834536,@commonman123,More allocation to healthcare is a welcome move.,https://twitter.com/commonman123/status/5392074834536
2025-03-08,3928156117274,@bharatfirst,"This is a budget for the rich, not the middle class.",https://twitter.com/bharatfirst/status/3928156117274
2025-03-03,9122345186066,@aamjanta,"Too much focus on startups, not enough for agriculture.",https://twitter.com/aamjanta/status/9122345186066
2025-04-08,4758428974200,@taxbuster,MSME sector got a boost. Hope it helps local businesses.,https://twitter.com/taxbuster/status/4758428974200
2025-03-12,1944798434173,@indiapolitics,Where is the support for the salaried class?,https://twitter.com/indiapolitics/status/1944798434173
2025-03-02,4139103461776,@indiapolitics,More allocation to healthcare is a welcome move.,https://twitter.com/indiapolitics/status/4139103461776
2025-03-20,1031243835810,@bharatfirst,Disappointed with no tax relief in this year’s budget.,https://twitter.com/bharatfirst/status/1031243835810
2025-03-29,6221803854317,@bharatfirst,MSME sector got a boost. Hope it helps local businesses.,https://twitter.com/bharatfirst/status/6221803854317
2025-02-19,1792327111243,@middleclasswarrior,Disappointed with no tax relief in this year’s budget.,https://twitter.com/middleclasswarrior/status/1792327111243
2025-03-23,2770515360485,@taxbuster,Where is the support for the salaried class?,https://twitter.com/taxbuster/status/2770515360485
2025-03-14,6684336061807,@eco_voice,The infrastructure spending plan looks solid this year.,https://twitter.com/eco_voice/status/6684336061807
2025-04-02,5989970870549,@startupbuddy,Budget 2025 finally addresses the education sector. Much needed!,https://twitter.com/startupbuddy/status/5989970870549
2025-04-07,1184728361350,@startupbuddy,Great step towards digital India. #Budget2025,https://twitter.com/startupbuddy/status/1184728361350
2025-03-27,1650925510905,@taxbuster,Disappointed with no tax relief in this year’s budget.,https://twitter.com/taxbuster/status/1650925510905
2025-03-31,8086970726147,@taxbuster,Loved the emphasis on clean energy and sustainability!,https://twitter.com/taxbuster/status/8086970726147
2025-04-05,7751019342676,@budgetwatch,Budget 2025 finally addresses the education sector. Much needed!,https://twitter.com/budgetwatch/status/7751019342676
2025-03-29,1676056956411,@budgetwatch,Budget 2025 finally addresses the education sector. Much needed!,https://twitter.com/budgetwatch/status/1676056956411
2025-03-07,5412391205481,@commonman123,"This is a budget for the rich, not the middle class.",https://twitter.com/commonman123/status/5412391205481
2025-02-05,4680211942306,@startupbuddy,Disappointed with no tax relief in this year’s budget.,https://twitter.com/startupbuddy/status/4680211942306
2025-04-06,2474149546853,@bharatfirst,Budget 2025 finally addresses the education sector. Much needed!,https://twitter.com/bharatfirst/status/2474149546853
2025-02-02,8479281442011,@taxbuster,Budget 2025 finally addresses the education sector. Much needed!,https://twitter.com/taxbuster/status/8479281442011
2025-03-20,1658073823791,@aamjanta,Budget 2025 finally addresses the education sector. Much needed!,https://twitter.com/aamjanta/status/1658073823791
2025-03-03,3296734298224,@bharatfirst,"This is a budget for the rich, not the middle class.",https://twitter.com/bharatfirst/status/3296734298224
2025-04-04,8867798778224,@commonman123,Budget 2025 finally addresses the education sector. Much needed!,https://twitter.com/commonman123/status/8867798778224
2025-04-06,3925375661067,@middleclasswarrior,More allocation to healthcare is a welcome move.,https://twitter.com/middleclasswarrior/status/3925375661067
2025-03-06,7724228300621,@youthvoice,More allocation to healthcare is a welcome move.,https://twitter.com/youthvoice/status/7724228300621
2025-03-06,8513164682390,@youthvoice,Disappointed with no tax relief in this year’s budget.,https://twitter.com/youthvoice/status/8513164682390
2025-03-19,2383092729407,@commonman123,Great step towards digital India. #Budget2025,https://twitter.com/commonman123/status/2383092729407
2025-03-08,8533003082977,@startupbuddy,Disappointed with no tax relief in this year’s budget.,https://twitter.com/startupbuddy/status/8533003082977
2025-02-14,7940217789705,@commonman123,Loved the emphasis on clean energy and sustainability!,https://twitter.com/commonman123/status/7940217789705
2025-03-15,4121799575885,@indiapolitics,Loved the emphasis on clean energy and sustainability!,https://twitter.com/indiapolitics/status/4121799575885
2025-04-08,4528582099815,@eco_voice,"Too much focus on startups, not enough for agriculture.",https://twitter.com/eco_voice/status/4528582099815
2025-03-20,6705028469921,@eco_voice,MSME sector got a boost. Hope it helps local businesses.,https://twitter.com/eco_voice/status/6705028469921
2025-02-27,5972443083810,@commonman123,Budget 2025 finally addresses the education sector. Much needed!,https://twitter.com/commonman123/status/5972443083810
2025-03-28,8213722992261,@eco_voice,Loved the emphasis on clean energy and sustainability!,https://twitter.com/eco_voice/status/8213722992261
2025-04-07,1558845275859,@commonman123,More allocation to healthcare is a welcome move.,https://twitter.com/commonman123/status/1558845275859
2025-04-11,3590037389470,@budgetwatch,The infrastructure spending plan looks solid this year.,https://twitter.com/budgetwatch/status/3590037389470
2025-03-14,9585052222640,@bharatfirst,Where is the support for the salaried class?,https://twitter.com/bharatfirst/status/9585052222640
2025-03-10,9055066707025,@eco_voice,The infrastructure spending plan looks solid this year.,https://twitter.com/eco_voice/status/9055066707025
2025-03-23,6992553321896,@bharatfirst,Budget 2025 finally addresses the education sector. Much needed!,https://twitter.com/bharatfirst/status/6992553321896
2025-03-21,5362326663215,@indiapolitics,Where is the support for the salaried class?,https://twitter.com/indiapolitics/status/5362326663215
2025-02-11,4479913172020,@commonman123,"This is a budget for the rich, not the middle class.",https://twitter.com/commonman123/status/4479913172020
2025-04-02,3450951346122,@bharatfirst,Great step towards digital India. #Budget2025,https://twitter.com/bharatfirst/status/3450951346122
2025-03-01,8662337838347,@indiapolitics,"Too much focus on startups, not enough for agriculture.",https://twitter.com/indiapolitics/status/8662337838347
2025-03-23,2687915489570,@bharatfirst,Great step towards digital India. #Budget2025,https://twitter.com/bharatfirst/status/2687915489570
2025-02-07,3334819485572,@taxbuster,More allocation to healthcare is a welcome move.,https://twitter.com/taxbuster/status/3334819485572
2025-04-10,3780211951049,@eco_voice,Where is the support for the salaried class?,https://twitter.com/eco_voice/status/3780211951049
2025-04-08,6477269226069,@budgetwatch,The infrastructure spending plan looks solid this year.,https://twitter.com/budgetwatch/status/6477269226069
2025-03-24,5489969668519,@bharatfirst,The infrastructure spending plan looks solid this year.,https://twitter.com/bharatfirst/status/5489969668519
2025-04-09,4538894413872,@youthvoice,Great step towards digital India. #Budget2025,https://twitter.com/youthvoice/status/4538894413872
2025-02-24,8701752263315,@eco_voice,More allocation to healthcare is a welcome move.,https://twitter.com/eco_voice/status/8701752263315
2025-02-21,5307522540148,@youthvoice,Where is the support for the salaried class?,https://twitter.com/youthvoice/status/5307522540148
2025-04-04,9020850813674,@commonman123,"Too much focus on startups, not enough for agriculture.",https://twitter.com/commonman123/status/9020850813674
2025-02-21,7492307693991,@taxbuster,More allocation to healthcare is a welcome move.,https://twitter.com/taxbuster/status/7492307693991
2025-03-29,3586489251428,@budgetwatch,Great step towards digital India. #Budget2025,https://twitter.com/budgetwatch/status/3586489251428
2025-04-06,7706787113965,@aamjanta,"This is a budget for the rich, not the middle class.",https://twitter.com/aamjanta/status/7706787113965
2025-03-28,9918160431214,@youthvoice,Disappointed with no tax relief in this year’s budget.,https://twitter.com/youthvoice/status/9918160431214
2025-02-21,9712970269781,@taxbuster,Where is the support for the salaried class?,https://twitter.com/taxbuster/status/9712970269781
2025-02-07,6061758232843,@aamjanta,Great step towards digital India. #Budget2025,https://twitter.com/aamjanta/status/6061758232843
2025-04-02,2969778450080,@aamjanta,Disappointed with no tax relief in this year’s budget.,https://twitter.com/aamjanta/status/2969778450080
2025-03-27,8548489124194,@bharatfirst,Loved the emphasis on clean energy and sustainability!,https://twitter.com/bharatfirst/status/8548489124194
2025-02-28,4137693972249,@taxbuster,MSME sector got a boost. Hope it helps local businesses.,https://twitter.com/taxbuster/status/4137693972249
2025-03-21,7758082859648,@eco_voice,Great step towards digital India. #Budget2025,https://twitter.com/eco_voice/status/7758082859648
2025-02-19,5778703180369,@middleclasswarrior,Great step towards digital India. #Budget2025,https://twitter.com/middleclasswarrior/status/5778703180369
2025-03-23,5080380564098,@bharatfirst,Where is the support for the salaried class?,https://twitter.com/bharatfirst/status/5080380564098
2025-03-08,6955929695370,@bharatfirst,Where is the support for the salaried class?,https://twitter.com/bharatfirst/status/6955929695370
2025-02-20,2210291146261,@aamjanta,"This is a budget for the rich, not the middle class.",https://twitter.com/aamjanta/status/2210291146261
2025-03-17,1503452086738,@taxbuster,Great step towards digital India. #Budget2025,https://twitter.com/taxbuster/status/1503452086738
2025-04-06,5397169020980,@aamjanta,MSME sector got a boost. Hope it helps local businesses.,https://twitter.com/aamjanta/status/5397169020980
2025-02-09,5821341041313,@youthvoice,The infrastructure spending plan looks solid this year.,https://twitter.com/youthvoice/status/5821341041313
2025-03-31,2329878543810,@commonman123,"This is a budget for the rich, not the middle class.",https://twitter.com/commonman123/status/2329878543810
2025-02-20,1043397444638,@aamjanta,Disappointed with no tax relief in this year’s budget.,https://twitter.com/aamjanta/status/1043397444638
2025-04-11,9804238506539,@taxbuster,Disappointed with no tax relief in this year’s budget.,https://twitter.com/taxbuster/status/9804238506539
2025-04-05,3955715256048,@middleclasswarrior,The infrastructure spending plan looks solid this year.,https://twitter.com/middleclasswarrior/status/3955715256048
2025-03-02,8186475887893,@bharatfirst,"This is a budget for the rich, not the middle class.",https://twitter.com/bharatfirst/status/8186475887893
2025-04-09,5665005908529,@aamjanta,Disappointed with no tax relief in this year’s budget.,https://twitter.com/aamjanta/status/5665005908529
2025-03-05,7281511528250,@middleclasswarrior,Great step towards digital India. #Budget2025,https://twitter.com/middleclasswarrior/status/7281511528250
2025-04-08,4343853907818,@budgetwatch,The infrastructure spending plan looks solid this year.,https://twitter.com/budgetwatch/status/4343853907818
2025-02-07,7810913368017,@bharatfirst,The infrastructure spending plan looks solid this year.,https://twitter.com/bharatfirst/status/7810913368017
2025-03-25,1164075658012,@budgetwatch,Budget 2025 finally addresses the education sector. Much needed!,https://twitter.com/budgetwatch/status/1164075658012
2025-03-30,2233420837549,@indiapolitics,MSME sector got a boost. Hope it helps local businesses.,https://twitter.com/indiapolitics/status/2233420837549
2025-04-01,3528439631276,@startupbuddy,Budget 2025 finally addresses the education sector. Much needed!,https://twitter.com/startupbuddy/status/3528439631276
2025-04-02,8273966205131,@taxbuster,"This is a budget for the rich, not the middle class.",https://twitter.com/taxbuster/status/8273966205131
2025-02-14,4520204507106,@youthvoice,MSME sector got a boost. Hope it helps local businesses.,https://twitter.com/youthvoice/status/4520204507106
2025-03-30,8579244560762,@bharatfirst,Where is the support for the salaried class?,https://twitter.com/bharatfirst/status/8579244560762
2025-03-03,6782591899751,@bharatfirst,Loved the emphasis on clean energy and sustainability!,https://twitter.com/bharatfirst/status/6782591899751
2025-03-10,9370731111641,@startupbuddy,The infrastructure spending plan looks solid this year.,https://twitter.com/startupbuddy/status/9370731111641
2025-02-25,7442061838919,@eco_voice,MSME sector got a boost. Hope it helps local businesses.,https://twitter.com/eco_voice/status/7442061838919
2025-03-05,8959918079762,@indiapolitics,More allocation to healthcare is a welcome move.,https://twitter.com/indiapolitics/status/8959918079762
2025-03-03,3022816715557,@startupbuddy,MSME sector got a boost. Hope it helps local businesses.,https://twitter.com/startupbuddy/status/3022816715557
2025-03-09,3134166842440,@commonman123,The infrastructure spending plan looks solid this year.,https://twitter.com/commonman123/status/3134166842440
2025-03-28,6475413723843,@commonman123,The infrastructure spending plan looks solid this year.,https://twitter.com/commonman123/status/6475413723843
2025-04-05,5222929211405,@startupbuddy,Disappointed with no tax relief in this year’s budget.,https://twitter.com/startupbuddy/status/5222929211405
2025-04-09,1438007824527,@startupbuddy,Budget 2025 finally addresses the education sector. Much needed!,https://twitter.com/startupbuddy/status/1438007824527
2025-02-03,2429649445392,@startupbuddy,"This is a budget for the rich, not the middle class.",https://twitter.com/startupbuddy/status/2429649445392
2025-03-28,5834102430284,@indiapolitics,Loved the emphasis on clean energy and sustainability!,https://twitter.com/indiapolitics/status/5834102430284
2025-03-01,6414140532350,@budgetwatch,Loved the emphasis on clean energy and sustainability!,https://twitter.com/budgetwatch/status/6414140532350
2025-02-25,5024550946882,@startupbuddy,Loved the emphasis on clean energy and sustainability!,https://twitter.com/startupbuddy/status/5024550946882
2025-02-11,1841603264077,@indiapolitics,Where is the support for the salaried class?,https://twitter.com/indiapolitics/status/1841603264077
2025-04-07,2918439728304,@eco_voice,Budget 2025 finally addresses the education sector. Much needed!,https://twitter.com/eco_voice/status/2918439728304
2025-02-02,2226703474493,@budgetwatch,The infrastructure spending plan looks solid this year.,https://twitter.com/budgetwatch/status/2226703474493
2025-02-15,4039212505137,@middleclasswarrior,Where is the support for the salaried class?,https://twitter.com/middleclasswarrior/status/4039212505137
2025-02-06,3440049344780,@budgetwatch,MSME sector got a boost. Hope it helps local businesses.,https://twitter.com/budgetwatch/status/3440049344780
2025-03-20,5648667908585,@commonman123,Budget 2025 finally addresses the education sector. Much needed!,https://twitter.com/commonman123/status/5648667908585
2025-03-17,3090131252709,@middleclasswarrior,"Too much focus on startups, not enough for agriculture.",https://twitter.com/middleclasswarrior/status/3090131252709
2025-02-17,5870920371458,@eco_voice,Great step towards digital India. #Budget2025,https://twitter.com/eco_voice/status/5870920371458
2025-03-03,5346021586617,@bharatfirst,Great step towards digital India. #Budget2025,https://twitter.com/bharatfirst/status/5346021586617
2025-03-21,2476077397529,@indiapolitics,The infrastructure spending plan looks solid this year.,https://twitter.com/indiapolitics/status/2476077397529
2025-03-28,2048857503298,@middleclasswarrior,Where is the support for the salaried class?,https://twitter.com/middleclasswarrior/status/2048857503298
2025-03-27,8767958039882,@youthvoice,MSME sector got a boost. Hope it helps local businesses.,https://twitter.com/youthvoice/status/8767958039882
2025-03-24,5845559511194,@taxbuster,MSME sector got a boost. Hope it helps local businesses.,https://twitter.com/taxbuster/status/5845559511194
2025-02-20,8482876911724,@commonman123,MSME sector got a boost. Hope it helps local businesses.,https://twitter.com/commonman123/status/8482876911724
2025-02-17,5606836864263,@taxbuster,The infrastructure spending plan looks solid this year.,https://twitter.com/taxbuster/status/5606836864263
2025-03-24,3587914547044,@startupbuddy,Where is the support for the salaried class?,https://twitter.com/startupbuddy/status/3587914547044
2025-03-10,5265771452640,@taxbuster,Loved the emphasis on clean energy and sustainability!,https://twitter.com/taxbuster/status/5265771452640
2025-04-03,1416595499315,@taxbuster,Disappointed with no tax relief in this year’s budget.,https://twitter.com/taxbuster/status/1416595499315
2025-02-09,3921214886179,@bharatfirst,More allocation to healthcare is a welcome move.,https://twitter.com/bharatfirst/status/3921214886179
2025-03-08,9441623200574,@commonman123,Where is the support for the salaried class?,https://twitter.com/commonman123/status/9441623200574
2025-02-18,7370115767289,@taxbuster,More allocation to healthcare is a welcome move.,https://twitter.com/taxbuster/status/7370115767289
2025-04-10,8004744261989,@middleclasswarrior,"This is a budget for the rich, not the middle class.",https://twitter.com/middleclasswarrior/status/8004744261989
2025-02-06,2340948282584,@youthvoice,More allocation to healthcare is a welcome move.,https://twitter.com/youthvoice/status/2340948282584
2025-02-19,5689001091982,@indiapolitics,"This is a budget for the rich, not the middle class.",https://twitter.com/indiapolitics/status/5689001091982
2025-04-03,6134883801013,@bharatfirst,The infrastructure spending plan looks solid this year.,https://twitter.com/bharatfirst/status/6134883801013
2025-03-04,2187506070583,@startupbuddy,MSME sector got a boost. Hope it helps local businesses.,https://twitter.com/startupbuddy/status/2187506070583
2025-03-06,7592218952068,@bharatfirst,"Too much focus on startups, not enough for agriculture.",https://twitter.com/bharatfirst/status/7592218952068
2025-02-09,8891895081584,@indiapolitics,MSME sector got a boost. Hope it helps local businesses.,https://twitter.com/indiapolitics/status/8891895081584
2025-04-04,5650997933537,@taxbuster,Disappointed with no tax relief in this year’s budget.,https://twitter.com/taxbuster/status/5650997933537
2025-04-10,9252446310236,@youthvoice,"Too much focus on startups, not enough for agriculture.",https://twitter.com/youthvoice/status/9252446310236
2025-02-19,6275637371688,@budgetwatch,Budget 2025 finally addresses the education sector. Much needed!,https://twitter.com/budgetwatch/status/6275637371688
2025-04-04,1653950910666,@indiapolitics,MSME sector got a boost. Hope it helps local businesses.,https://twitter.com/indiapolitics/status/1653950910666
2025-04-01,8770384648850,@youthvoice,Where is the support for the salaried class?,https://twitter.com/youthvoice/status/8770384648850
2025-04-02,7455448588764,@middleclasswarrior,Disappointed with no tax relief in this year’s budget.,https://twitter.com/middleclasswarrior/status/7455448588764
2025-04-05,9566853342898,@youthvoice,"This is a budget for the rich, not the middle class.",https://twitter.com/youthvoice/status/9566853342898
2025-02-12,7632863946785,@startupbuddy,Disappointed with no tax relief in this year’s budget.,https://twitter.com/startupbuddy/status/7632863946785
2025-02-20,8880522985246,@taxbuster,Budget 2025 finally addresses the education sector. Much needed!,https://twitter.com/taxbuster/status/8880522985246
2025-03-22,6380140513437,@commonman123,Budget 2025 finally addresses the education sector. Much needed!,https://twitter.com/commonman123/status/6380140513437
2025-04-02,6571709605991,@startupbuddy,More allocation to healthcare is a welcome move.,https://twitter.com/startupbuddy/status/6571709605991
2025-03-11,9225648449607,@taxbuster,MSME sector got a boost. Hope it helps local businesses.,https://twitter.com/taxbuster/status/9225648449607
2025-03-02,5270580147279,@indiapolitics,Budget 2025 finally addresses the education sector. Much needed!,https://twitter.com/indiapolitics/status/5270580147279
2025-04-07,1817074202206,@middleclasswarrior,Loved the emphasis on clean energy and sustainability!,https://twitter.com/middleclasswarrior/status/1817074202206
2025-02-14,1453395672262,@middleclasswarrior,Where is the support for the salaried class?,https://twitter.com/middleclasswarrior/status/1453395672262
2025-02-22,7592709838894,@aamjanta,Where is the support for the salaried class?,https://twitter.com/aamjanta/status/7592709838894
2025-02-07,9964908459152,@budgetwatch,Where is the support for the salaried class?,https://twitter.com/budgetwatch/status/9964908459152
2025-03-10,6344296811306,@aamjanta,Where is the support for the salaried class?,https://twitter.com/aamjanta/status/6344296811306
2025-04-08,1965575362614,@youthvoice,Budget 2025 finally addresses the education sector. Much needed!,https://twitter.com/youthvoice/status/1965575362614
2025-03-02,8798333147263,@youthvoice,"Too much focus on startups, not enough for agriculture.",https://twitter.com/youthvoice/status/8798333147263
2025-02-03,8629986122040,@bharatfirst,MSME sector got a boost. Hope it helps local businesses.,https://twitter.com/bharatfirst/status/8629986122040
2025-02-02,2519645518031,@indiapolitics,"Too much focus on startups, not enough for agriculture.",https://twitter.com/indiapolitics/status/2519645518031
2025-02-09,3700246821018,@indiapolitics,Loved the emphasis on clean energy and sustainability!,https://twitter.com/indiapolitics/status/3700246821018
2025-02-17,4092077939825,@startupbuddy,More allocation to healthcare is a welcome move.,https://twitter.com/startupbuddy/status/4092077939825
2025-02-26,1479498925956,@indiapolitics,"This is a budget for the rich, not the middle class.",https://twitter.com/indiapolitics/status/1479498925956
2025-03-11,1046656450968,@aamjanta,MSME sector got a boost. Hope it helps local businesses.,https://twitter.com/aamjanta/status/1046656450968
2025-02-20,3743639799984,@indiapolitics,MSME sector got a boost. Hope it helps local businesses.,https://twitter.com/indiapolitics/status/3743639799984
2025-03-21,9131125637696,@middleclasswarrior,Great step towards digital India. #Budget2025,https://twitter.com/middleclasswarrior/status/9131125637696
2025-03-09,2340940509145,@aamjanta,Where is the support for the salaried class?,https://twitter.com/aamjanta/status/2340940509145
2025-03-11,4547827083893,@eco_voice,Where is the support for the salaried class?,https://twitter.com/eco_voice/status/4547827083893
2025-02-19,2274042821069,@commonman123,More allocation to healthcare is a welcome move.,https://twitter.com/commonman123/status/2274042821069
2025-03-12,1269377975593,@budgetwatch,Budget 2025 finally addresses the education sector. Much needed!,https://twitter.com/budgetwatch/status/1269377975593
2025-04-06,6062770404397,@commonman123,MSME sector got a boost. Hope it helps local businesses.,https://twitter.com/commonman123/status/6062770404397
2025-03-10,7770651339884,@youthvoice,Disappointed with no tax relief in this year’s budget.,https://twitter.com/youthvoice/status/7770651339884
2025-02-24,2400680580231,@middleclasswarrior,Disappointed with no tax relief in this year’s budget.,https://twitter.com/middleclasswarrior/status/2400680580231
2025-04-06,3966702559208,@commonman123,Disappointed with no tax relief in this year’s budget.,https://twitter.com/commonman123/status/3966702559208
2025-02-14,8620136319060,@taxbuster,Disappointed with no tax relief in this year’s budget.,https://twitter.com/taxbuster/status/8620136319060
2025-04-04,6607846349594,@taxbuster,"Too much focus on startups, not enough for agriculture.",https://twitter.com/taxbuster/status/6607846349594
2025-03-18,7474802359551,@bharatfirst,MSME sector got a boost. Hope it helps local businesses.,https://twitter.com/bharatfirst/status/7474802359551
2025-02-14,5225481535013,@bharatfirst,The infrastructure spending plan looks solid this year.,https://twitter.com/bharatfirst/status/5225481535013
2025-02-07,1032146633518,@youthvoice,MSME sector got a boost. Hope it helps local businesses.,https://twitter.com/youthvoice/status/1032146633518
2025-03-23,5666690568377,@taxbuster,The infrastructure spending plan looks solid this year.,https://twitter.com/taxbuster/status/5666690568377
2025-03-14,5777424367140,@startupbuddy,More allocation to healthcare is a welcome move.,https://twitter.com/startupbuddy/status/5777424367140
2025-03-12,8859094564231,@commonman123,"This is a budget for the rich, not the middle class.",https://twitter.com/commonman123/status/8859094564231
2025-03-22,7491126150167,@youthvoice,"Too much focus on startups, not enough for agriculture.",https://twitter.com/youthvoice/status/7491126150167
2025-03-01,3490079816144,@middleclasswarrior,MSME sector got a boost. Hope it helps local businesses.,https://twitter.com/middleclasswarrior/status/3490079816144
2025-02-02,6453790051747,@bharatfirst,Great step towards digital India. #Budget2025,https://twitter.com/bharatfirst/status/6453790051747
2025-04-09,8963805680307,@taxbuster,The infrastructure spending plan looks solid this year.,https://twitter.com/taxbuster/status/8963805680307
2025-02-24,4211182511979,@aamjanta,"This is a budget for the rich, not the middle class.",https://twitter.com/aamjanta/status/4211182511979
2025-04-05,5657372535601,@eco_voice,Budget 2025 finally addresses the education sector. Much needed!,https://twitter.com/eco_voice/status/5657372535601
2025-02-09,4639802022364,@taxbuster,Disappointed with no tax relief in this year’s budget.,https://twitter.com/taxbuster/status/4639802022364
2025-03-15,7473076796731,@commonman123,Where is the support for the salaried class?,https://twitter.com/commonman123/status/7473076796731
2025-02-28,6209382299724,@youthvoice,Budget 2025 finally addresses the education sector. Much needed!,https://twitter.com/youthvoice/status/6209382299724
2025-03-18,5088954418672,@bharatfirst,Loved the emphasis on clean energy and sustainability!,https://twitter.com/bharatfirst/status/5088954418672
2025-04-02,6367815442707,@commonman123,Budget 2025 finally addresses the education sector. Much needed!,https://twitter.com/commonman123/status/6367815442707
2025-03-06,4742870519349,@startupbuddy,The infrastructure spending plan looks solid this year.,https://twitter.com/startupbuddy/status/4742870519349
2025-02-05,8059965382737,@youthvoice,"Too much focus on startups, not enough for agriculture.",https://twitter.com/youthvoice/status/8059965382737
2025-03-29,9588922991277,@eco_voice,Loved the emphasis on clean energy and sustainability!,https://twitter.com/eco_voice/status/9588922991277
2025-03-06,9699170283444,@middleclasswarrior,Loved the emphasis on clean energy and sustainability!,https://twitter.com/middleclasswarrior/status/9699170283444
2025-03-05,2848797964807,@commonman123,Great step towards digital India. #Budget2025,https://twitter.com/commonman123/status/2848797964807
2025-03-29,3086398199028,@indiapolitics,More allocation to healthcare is a welcome move.,https://twitter.com/indiapolitics/status/3086398199028
2025-02-08,9739532084362,@youthvoice,"This is a budget for the rich, not the middle class.",https://twitter.com/youthvoice/status/9739532084362
2025-03-28,9283373221597,@eco_voice,Great step towards digital India. #Budget2025,https://twitter.com/eco_voice/status/9283373221597
2025-02-22,7200960627618,@taxbuster,"This is a budget for the rich, not the middle class.",https://twitter.com/taxbuster/status/7200960627618
2025-02-11,9471066528322,@middleclasswarrior,The infrastructure spending plan looks solid this year.,https://twitter.com/middleclasswarrior/status/9471066528322
2025-02-02,1152955728408,@indiapolitics,More allocation to healthcare is a welcome move.,https://twitter.com/indiapolitics/status/1152955728408
2025-03-03,9766970861526,@budgetwatch,"This is a budget for the rich, not the middle class.",https://twitter.com/budgetwatch/status/9766970861526
2025-02-11,8616899894869,@eco_voice,More allocation to healthcare is a welcome move.,https://twitter.com/eco_voice/status/8616899894869
2025-03-28,9979873103146,@youthvoice,Loved the emphasis on clean energy and sustainability!,https://twitter.com/youthvoice/status/9979873103146
2025-03-16,7117839166630,@indiapolitics,MSME sector got a boost. Hope it helps local businesses.,https://twitter.com/indiapolitics/status/7117839166630
2025-04-06,2187595653679,@aamjanta,Disappointed with no tax relief in this year’s budget.,https://twitter.com/aamjanta/status/2187595653679
2025-03-29,7693146591307,@bharatfirst,Where is the support for the salaried class?,https://twitter.com/bharatfirst/status/7693146591307
2025-02-22,5015749642648,@bharatfirst,Great step towards digital India. #Budget2025,https://twitter.com/bharatfirst/status/5015749642648
2025-04-08,4197826176766,@indiapolitics,Disappointed with no tax relief in this year’s budget.,https://twitter.com/indiapolitics/status/4197826176766
2025-02-26,4828292823017,@youthvoice,"This is a budget for the rich, not the middle class.",https://twitter.com/youthvoice/status/4828292823017
2025-04-02,1380529670950,@indiapolitics,More allocation to healthcare is a welcome move.,https://twitter.com/indiapolitics/status/1380529670950
2025-02-10,9263114843795,@youthvoice,"This is a budget for the rich, not the middle class.",https://twitter.com/youthvoice/status/9263114843795
2025-03-13,8662511322497,@middleclasswarrior,Budget 2025 finally addresses the education sector. Much needed!,https://twitter.com/middleclasswarrior/status/8662511322497
2025-03-22,7022912769511,@eco_voice,Disappointed with no tax relief in this year’s budget.,https://twitter.com/eco_voice/status/7022912769511
2025-03-23,2876530993316,@budgetwatch,"Too much focus on startups, not enough for agriculture.",https://twitter.com/budgetwatch/status/2876530993316
2025-02-18,4986075039386,@startupbuddy,Budget 2025 finally addresses the education sector. Much needed!,https://twitter.com/startupbuddy/status/4986075039386
2025-03-30,8215578506954,@eco_voice,More allocation to healthcare is a welcome move.,https://twitter.com/eco_voice/status/8215578506954
2025-03-13,5968290325119,@aamjanta,MSME sector got a boost. Hope it helps local businesses.,https://twitter.com/aamjanta/status/5968290325119
2025-02-24,1480286926773,@aamjanta,Where is the support for the salaried class?,https://twitter.com/aamjanta/status/1480286926773
2025-04-03,5283405738410,@indiapolitics,Great step towards digital India. #Budget2025,https://twitter.com/indiapolitics/status/5283405738410
2025-04-04,9685057020667,@budgetwatch,Where is the support for the salaried class?,https://twitter.com/budgetwatch/status/9685057020667
2025-02-17,8104801613513,@startupbuddy,Budget 2025 finally addresses the education sector. Much needed!,https://twitter.com/startupbuddy/status/8104801613513
2025-02-03,2850630183136,@middleclasswarrior,MSME sector got a boost. Hope it helps local businesses.,https://twitter.com/middleclasswarrior/status/2850630183136
2025-03-04,8637491852705,@eco_voice,"Too much focus on startups, not enough for agriculture.",https://twitter.com/eco_voice/status/8637491852705
2025-03-28,4150448593653,@commonman123,Great step towards digital India. #Budget2025,https://twitter.com/commonman123/status/4150448593653
2025-04-07,2750431144733,@startupbuddy,"This is a budget for the rich, not the middle class.",https://twitter.com/startupbuddy/status/2750431144733
2025-02-26,5931743498717,@startupbuddy,Budget 2025 finally addresses the education sector. Much needed!,https://twitter.com/startupbuddy/status/5931743498717
2025-03-22,9944965082272,@middleclasswarrior,The infrastructure spending plan looks solid this year.,https://twitter.com/middleclasswarrior/status/9944965082272
2025-03-12,4906532034940,@youthvoice,The infrastructure spending plan looks solid this year.,https://twitter.com/youthvoice/status/4906532034940
2025-02-20,1954045639893,@commonman123,Budget 2025 finally addresses the education sector. Much needed!,https://twitter.com/commonman123/status/1954045639893
2025-03-12,6660607968894,@startupbuddy,Disappointed with no tax relief in this year’s budget.,https://twitter.com/startupbuddy/status/6660607968894
2025-03-11,5024476880314,@aamjanta,Budget 2025 finally addresses the education sector. Much needed!,https://twitter.com/aamjanta/status/5024476880314
2025-04-10,2472535467538,@youthvoice,The infrastructure spending plan looks solid this year.,https://twitter.com/youthvoice/status/2472535467538
2025-02-06,9317208954650,@aamjanta,Budget 2025 finally addresses the education sector. Much needed!,https://twitter.com/aamjanta/status/9317208954650
2025-02-11,3439524079812,@middleclasswarrior,MSME sector got a boost. Hope it helps local businesses.,https://twitter.com/middleclasswarrior/status/3439524079812
2025-02-27,2429166118029,@bharatfirst,"This is a budget for the rich, not the middle class.",https://twitter.com/bharatfirst/status/2429166118029
2025-02-02,8044849088303,@indiapolitics,"Too much focus on startups, not enough for agriculture.",https://twitter.com/indiapolitics/status/8044849088303
2025-04-08,6578326104926,@middleclasswarrior,The infrastructure spending plan looks solid this year.,https://twitter.com/middleclasswarrior/status/6578326104926
2025-02-25,1022800766060,@youthvoice,Loved the emphasis on clean energy and sustainability!,https://twitter.com/youthvoice/status/1022800766060
2025-03-21,4571197307691,@middleclasswarrior,MSME sector got a boost. Hope it helps local businesses.,https://twitter.com/middleclasswarrior/status/4571197307691
2025-02-20,5215999473503,@youthvoice,Where is the support for the salaried class?,https://twitter.com/youthvoice/status/5215999473503
2025-03-05,7319899766475,@commonman123,MSME sector got a boost. Hope it helps local businesses.,https://twitter.com/commonman123/status/7319899766475
2025-02-19,5586080126757,@startupbuddy,Where is the support for the salaried class?,https://twitter.com/startupbuddy/status/5586080126757
2025-03-12,8534751630047,@budgetwatch,Loved the emphasis on clean energy and sustainability!,https://twitter.com/budgetwatch/status/8534751630047
2025-03-22,2938699000920,@indiapolitics,"This is a budget for the rich, not the middle class.",https://twitter.com/indiapolitics/status/2938699000920
2025-02-03,8600620341050,@youthvoice,Loved the emphasis on clean energy and sustainability!,https://twitter.com/youthvoice/status/8600620341050
2025-04-02,9526933803344,@eco_voice,MSME sector got a boost. Hope it helps local businesses.,https://twitter.com/eco_voice/status/9526933803344
2025-04-05,2833975023996,@eco_voice,Disappointed with no tax relief in this year’s budget.,https://twitter.com/eco_voice/status/2833975023996
2025-03-06,4206032601016,@youthvoice,"This is a budget for the rich, not the middle class.",https://twitter.com/youthvoice/status/4206032601016
2025-03-30,3056283709203,@commonman123,Loved the emphasis on clean energy and sustainability!,https://twitter.com/commonman123/status/3056283709203
2025-03-04,3444366088647,@budgetwatch,Where is the support for the salaried class?,https://twitter.com/budgetwatch/status/3444366088647
2025-03-04,4940987312446,@middleclasswarrior,"Too much focus on startups, not enough for agriculture.",https://twitter.com/middleclasswarrior/status/4940987312446
2025-02-17,4734566461332,@startupbuddy,Great step towards digital India. #Budget2025,https://twitter.com/startupbuddy/status/4734566461332
2025-03-01,6662662967576,@eco_voice,Loved the emphasis on clean energy and sustainability!,https://twitter.com/eco_voice/status/6662662967576
2025-03-19,4312416081986,@eco_voice,"Too much focus on startups, not enough for agriculture.",https://twitter.com/eco_voice/status/4312416081986
2025-02-14,3443285524107,@budgetwatch,"Too much focus on startups, not enough for agriculture.",https://twitter.com/budgetwatch/status/3443285524107
2025-03-13,3379589114386,@budgetwatch,"This is a budget for the rich, not the middle class.",https://twitter.com/budgetwatch/status/3379589114386
2025-03-17,3971339931101,@youthvoice,Disappointed with no tax relief in this year’s budget.,https://twitter.com/youthvoice/status/3971339931101
2025-03-17,3779712169876,@startupbuddy,MSME sector got a boost. Hope it helps local businesses.,https://twitter.com/startupbuddy/status/3779712169876
2025-02-07,3387612769608,@startupbuddy,"Too much focus on startups, not enough for agriculture.",https://twitter.com/startupbuddy/status/3387612769608
2025-03-04,7168161655631,@eco_voice,Great step towards digital India. #Budget2025,https://twitter.com/eco_voice/status/7168161655631
2025-03-12,6259612533210,@aamjanta,More allocation to healthcare is a welcome move.,https://twitter.com/aamjanta/status/6259612533210
2025-02-14,6639821888650,@startupbuddy,Loved the emphasis on clean energy and sustainability!,https://twitter.com/startupbuddy/status/6639821888650
2025-04-08,2054378575036,@eco_voice,"This is a budget for the rich, not the middle class.",https://twitter.com/eco_voice/status/2054378575036
2025-03-20,5034357082839,@middleclasswarrior,Disappointed with no tax relief in this year’s budget.,https://twitter.com/middleclasswarrior/status/5034357082839
2025-03-08,7965579672377,@startupbuddy,"Too much focus on startups, not enough for agriculture.",https://twitter.com/startupbuddy/status/7965579672377
2025-02-01,2026264026747,@bharatfirst,Where is the support for the salaried class?,https://twitter.com/bharatfirst/status/2026264026747
2025-02-17,6163856369135,@budgetwatch,"This is a budget for the rich, not the middle class.",https://twitter.com/budgetwatch/status/6163856369135
2025-03-05,5917774432863,@bharatfirst,The infrastructure spending plan looks solid this year.,https://twitter.com/bharatfirst/status/5917774432863
2025-02-02,1386734165136,@middleclasswarrior,Loved the emphasis on clean energy and sustainability!,https://twitter.com/middleclasswarrior/status/1386734165136
2025-03-10,2574117983246,@youthvoice,More allocation to healthcare is a welcome move.,https://twitter.com/youthvoice/status/2574117983246
2025-02-07,2769339711304,@aamjanta,Budget 2025 finally addresses the education sector. Much needed!,https://twitter.com/aamjanta/status/2769339711304
2025-03-15,6855601484421,@eco_voice,Disappointed with no tax relief in this year’s budget.,https://twitter.com/eco_voice/status/6855601484421
2025-04-06,3420629279224,@middleclasswarrior,Where is the support for the salaried class?,https://twitter.com/middleclasswarrior/status/3420629279224
2025-03-04,7579936565711,@indiapolitics,More allocation to healthcare is a welcome move.,https://twitter.com/indiapolitics/status/7579936565711
2025-03-31,4394759466279,@commonman123,More allocation to healthcare is a welcome move.,https://twitter.com/commonman123/status/4394759466279
2025-03-02,2285741373655,@middleclasswarrior,MSME sector got a boost. Hope it helps local businesses.,https://twitter.com/middleclasswarrior/status/2285741373655
2025-03-31,8857326533874,@startupbuddy,MSME sector got a boost. Hope it helps local businesses.,https://twitter.com/startupbuddy/status/8857326533874
2025-03-13,3562673638004,@startupbuddy,The infrastructure spending plan looks solid this year.,https://twitter.com/startupbuddy/status/3562673638004
2025-02-18,2822752332230,@youthvoice,"This is a budget for the rich, not the middle class.",https://twitter.com/youthvoice/status/2822752332230
2025-03-12,6949721405859,@budgetwatch,The infrastructure spending plan looks solid this year.,https://twitter.com/budgetwatch/status/6949721405859
2025-03-29,5472048318437,@bharatfirst,The infrastructure spending plan looks solid this year.,https://twitter.com/bharatfirst/status/5472048318437
2025-02-06,6188353953740,@indiapolitics,More allocation to healthcare is a welcome move.,https://twitter.com/indiapolitics/status/6188353953740
2025-02-09,3532113291887,@middleclasswarrior,Disappointed with no tax relief in this year’s budget.,https://twitter.com/middleclasswarrior/status/3532113291887
2025-03-18,4612641100432,@taxbuster,Budget 2025 finally addresses the education sector. Much needed!,https://twitter.com/taxbuster/status/4612641100432
2025-04-11,6952137959643,@taxbuster,MSME sector got a boost. Hope it helps local businesses.,https://twitter.com/taxbuster/status/6952137959643
2025-04-04,5912656457630,@startupbuddy,Loved the emphasis on clean energy and sustainability!,https://twitter.com/startupbuddy/status/5912656457630
2025-02-06,9225419788071,@eco_voice,The infrastructure spending plan looks solid this year.,https://twitter.com/eco_voice/status/9225419788071
2025-03-06,8219104764642,@middleclasswarrior,Loved the emphasis on clean energy and sustainability!,https://twitter.com/middleclasswarrior/status/8219104764642
2025-02-05,1412264215019,@eco_voice,Where is the support for the salaried class?,https://twitter.com/eco_voice/status/1412264215019
2025-02-03,9790065589222,@budgetwatch,Great step towards digital India. #Budget2025,https://twitter.com/budgetwatch/status/9790065589222
2025-03-11,2679075391083,@eco_voice,Budget 2025 finally addresses the education sector. Much needed!,https://twitter.com/eco_voice/status/2679075391083
2025-02-01,3582472502036,@startupbuddy,Great step towards digital India. #Budget2025,https://twitter.com/startupbuddy/status/3582472502036
2025-02-06,6903486412334,@indiapolitics,The infrastructure spending plan looks solid this year.,https://twitter.com/indiapolitics/status/6903486412334
2025-02-27,3037044321499,@commonman123,Great step towards digital India. #Budget2025,https://twitter.com/commonman123/status/3037044321499
2025-02-13,3430511186861,@aamjanta,Budget 2025 finally addresses the education sector. Much needed!,https://twitter.com/aamjanta/status/3430511186861
2025-02-16,8825855650837,@bharatfirst,"Too much focus on startups, not enough for agriculture.",https://twitter.com/bharatfirst/status/8825855650837
2025-03-10,9131191634459,@eco_voice,MSME sector got a boost. Hope it helps local businesses.,https://twitter.com/eco_voice/status/9131191634459
2025-02-24,1798322543334,@startupbuddy,Loved the emphasis on clean energy and sustainability!,https://twitter.com/startupbuddy/status/1798322543334
2025-03-25,1130392381148,@commonman123,More allocation to healthcare is a welcome move.,https://twitter.com/commonman123/status/1130392381148
2025-03-09,7470613584668,@aamjanta,"This is a budget for the rich, not the middle class.",https://twitter.com/aamjanta/status/7470613584668
2025-02-15,4195865373794,@middleclasswarrior,MSME sector got a boost. Hope it helps local businesses.,https://twitter.com/middleclasswarrior/status/4195865373794
2025-03-29,3454455761390,@startupbuddy,Great step towards digital India. #Budget2025,https://twitter.com/startupbuddy/status/3454455761390
2025-02-17,3978965509086,@aamjanta,Loved the emphasis on clean energy and sustainability!,https://twitter.com/aamjanta/status/3978965509086
2025-02-01,5106727890104,@aamjanta,The infrastructure spending plan looks solid this year.,https://twitter.com/aamjanta/status/5106727890104
2025-03-17,2134599167177,@taxbuster,Great step towards digital India. #Budget2025,https://twitter.com/taxbuster/status/2134599167177
2025-03-20,6603731695616,@startupbuddy,MSME sector got a boost. Hope it helps local businesses.,https://twitter.com/startupbuddy/status/6603731695616
2025-03-13,3174854700528,@commonman123,More allocation to healthcare is a welcome move.,https://twitter.com/commonman123/status/3174854700528
2025-03-30,4202607231619,@youthvoice,MSME sector got a boost. Hope it helps local businesses.,https://twitter.com/youthvoice/status/4202607231619
2025-04-04,6163409334603,@startupbuddy,MSME sector got a boost. Hope it helps local businesses.,https://twitter.com/startupbuddy/status/6163409334603
2025-02-21,2246839684041,@middleclasswarrior,MSME sector got a boost. Hope it helps local businesses.,https://twitter.com/middleclasswarrior/status/2246839684041
2025-03-29,9624986040949,@youthvoice,Great step towards digital India. #Budget2025,https://twitter.com/youthvoice/status/9624986040949
2025-02-19,1771713806836,@aamjanta,More allocation to healthcare is a welcome move.,https://twitter.com/aamjanta/status/1771713806836
2025-04-05,3638852031353,@bharatfirst,"Too much focus on startups, not enough for agriculture.",https://twitter.com/bharatfirst/status/3638852031353
2025-02-02,1930582257562,@startupbuddy,Where is the support for the salaried class?,https://twitter.com/startupbuddy/status/1930582257562
2025-04-04,9871941510021,@budgetwatch,Loved the emphasis on clean energy and sustainability!,https://twitter.com/budgetwatch/status/9871941510021
2025-02-01,1987140887254,@budgetwatch,More allocation to healthcare is a welcome move.,https://twitter.com/budgetwatch/status/1987140887254
2025-02-24,8907174502527,@eco_voice,MSME sector got a boost. Hope it helps local businesses.,https://twitter.com/eco_voice/status/8907174502527
2025-03-17,1475274204811,@commonman123,Budget 2025 finally addresses the education sector. Much needed!,https://twitter.com/commonman123/status/1475274204811
2025-03-24,9890953388741,@budgetwatch,Where is the support for the salaried class?,https://twitter.com/budgetwatch/status/9890953388741
2025-02-06,5687121733007,@commonman123,Great step towards digital India. #Budget2025,https://twitter.com/commonman123/status/5687121733007
2025-03-21,9428371014196,@taxbuster,More allocation to healthcare is a welcome move.,https://twitter.com/taxbuster/status/9428371014196
2025-04-08,9853611095683,@budgetwatch,The infrastructure spending plan looks solid this year.,https://twitter.com/budgetwatch/status/9853611095683
2025-03-11,4415825694844,@youthvoice,Where is the support for the salaried class?,https://twitter.com/youthvoice/status/4415825694844
2025-02-05,2759482620600,@bharatfirst,"Too much focus on startups, not enough for agriculture.",https://twitter.com/bharatfirst/status/2759482620600
2025-03-27,7869071129351,@youthvoice,Disappointed with no tax relief in this year’s budget.,https://twitter.com/youthvoice/status/7869071129351
2025-02-26,2287566685363,@youthvoice,"Too much focus on startups, not enough for agriculture.",https://twitter.com/youthvoice/status/2287566685363
2025-02-02,4446994563450,@youthvoice,More allocation to healthcare is a welcome move.,https://twitter.com/youthvoice/status/4446994563450
2025-03-26,2702949991573,@eco_voice,More allocation to healthcare is a welcome move.,https://twitter.com/eco_voice/status/2702949991573
2025-02-01,5049637467449,@budgetwatch,Disappointed with no tax relief in this year’s budget.,https://twitter.com/budgetwatch/status/5049637467449
2025-03-27,7362100859547,@aamjanta,"This is a budget for the rich, not the middle class.",https://twitter.com/aamjanta/status/7362100859547
2025-03-08,2764076648939,@indiapolitics,"This is a budget for the rich, not the middle class.",https://twitter.com/indiapolitics/status/2764076648939
2025-03-11,1100070723488,@youthvoice,Loved the emphasis on clean energy and sustainability!,https://twitter.com/youthvoice/status/1100070723488
2025-02-11,3844799156219,@budgetwatch,Disappointed with no tax relief in this year’s budget.,https://twitter.com/budgetwatch/status/3844799156219
2025-03-01,8645212540281,@bharatfirst,Where is the support for the salaried class?,https://twitter.com/bharatfirst/status/8645212540281
2025-02-14,7022195589769,@bharatfirst,Disappointed with no tax relief in this year’s budget.,https://twitter.com/bharatfirst/status/7022195589769
2025-02-03,3866064939104,@startupbuddy,Where is the support for the salaried class?,https://twitter.com/startupbuddy/status/3866064939104
2025-03-29,3403112292701,@eco_voice,"This is a budget for the rich, not the middle class.",https://twitter.com/eco_voice/status/3403112292701
2025-03-13,3689039634451,@youthvoice,Where is the support for the salaried class?,https://twitter.com/youthvoice/status/3689039634451
2025-03-20,4052727538641,@youthvoice,Disappointed with no tax relief in this year’s budget.,https://twitter.com/youthvoice/status/4052727538641
2025-02-22,3590638418213,@startupbuddy,Disappointed with no tax relief in this year’s budget.,https://twitter.com/startupbuddy/status/3590638418213
2025-03-09,3887528573804,@budgetwatch,More allocation to healthcare is a welcome move.,https://twitter.com/budgetwatch/status/3887528573804
2025-02-26,7421644643354,@youthvoice,Disappointed with no tax relief in this year’s budget.,https://twitter.com/youthvoice/status/7421644643354
2025-02-05,3835108765186,@startupbuddy,Budget 2025 finally addresses the education sector. Much needed!,https://twitter.com/startupbuddy/status/3835108765186
2025-03-06,1592309013283,@youthvoice,Disappointed with no tax relief in this year’s budget.,https://twitter.com/youthvoice/status/1592309013283
2025-02-18,3956776351815,@commonman123,"Too much focus on startups, not enough for agriculture.",https://twitter.com/commonman123/status/3956776351815
2025-02-06,5298898288984,@youthvoice,Budget 2025 finally addresses the education sector. Much needed!,https://twitter.com/youthvoice/status/5298898288984
2025-02-19,2529329622701,@budgetwatch,Great step towards digital India. #Budget2025,https://twitter.com/budgetwatch/status/2529329622701
2025-02-27,9308491970940,@youthvoice,More allocation to healthcare is a welcome move.,https://twitter.com/youthvoice/status/9308491970940
2025-03-10,3044210624684,@aamjanta,The infrastructure spending plan looks solid this year.,https://twitter.com/aamjanta/status/3044210624684
2025-03-17,9383353121518,@budgetwatch,More allocation to healthcare is a welcome move.,https://twitter.com/budgetwatch/status/9383353121518
2025-03-04,3463860097878,@commonman123,Where is the support for the salaried class?,https://twitter.com/commonman123/status/3463860097878
2025-03-18,1624742366499,@indiapolitics,MSME sector got a boost. Hope it helps local businesses.,https://twitter.com/indiapolitics/status/1624742366499
2025-03-01,5112670119078,@youthvoice,"Too much focus on startups, not enough for agriculture.",https://twitter.com/youthvoice/status/5112670119078
2025-03-07,3966657494541,@budgetwatch,Disappointed with no tax relief in this year’s budget.,https://twitter.com/budgetwatch/status/3966657494541
2025-02-17,1160706756700,@bharatfirst,"This is a budget for the rich, not the middle class.",https://twitter.com/bharatfirst/status/1160706756700
2025-03-21,7121095742492,@eco_voice,Where is the support for the salaried class?,https://twitter.com/eco_voice/status/7121095742492
2025-03-12,6844846397492,@bharatfirst,More allocation to healthcare is a welcome move.,https://twitter.com/bharatfirst/status/6844846397492
2025-02-14,4662900700233,@budgetwatch,Disappointed with no tax relief in this year’s budget.,https://twitter.com/budgetwatch/status/4662900700233
2025-03-08,2630184772605,@youthvoice,"Too much focus on startups, not enough for agriculture.",https://twitter.com/youthvoice/status/2630184772605
2025-02-03,7950507550202,@taxbuster,"Too much focus on startups, not enough for agriculture.",https://twitter.com/taxbuster/status/7950507550202
2025-03-04,6277676894327,@taxbuster,Loved the emphasis on clean energy and sustainability!,https://twitter.com/taxbuster/status/6277676894327
2025-03-10,8899496046149,@startupbuddy,MSME sector got a boost. Hope it helps local businesses.,https://twitter.com/startupbuddy/status/8899496046149
2025-04-01,7513572671097,@bharatfirst,Great step towards digital India. #Budget2025,https://twitter.com/bharatfirst/status/7513572671097
2025-03-10,4598685078529,@aamjanta,"Too much focus on startups, not enough for agriculture.",https://twitter.com/aamjanta/status/4598685078529
2025-03-12,6426462819471,@indiapolitics,"This is a budget for the rich, not the middle class.",https://twitter.com/indiapolitics/status/6426462819471
2025-03-08,3090835047089,@eco_voice,Loved the emphasis on clean energy and sustainability!,https://twitter.com/eco_voice/status/3090835047089
2025-02-26,1491010298865,@aamjanta,More allocation to healthcare is a welcome move.,https://twitter.com/aamjanta/status/1491010298865
2025-02-04,5546860855581,@middleclasswarrior,Loved the emphasis on clean energy and sustainability!,https://twitter.com/middleclasswarrior/status/5546860855581
2025-04-05,2849969473164,@eco_voice,Where is the support for the salaried class?,https://twitter.com/eco_voice/status/2849969473164
2025-02-26,3949366883520,@taxbuster,Disappointed with no tax relief in this year’s budget.,https://twitter.com/taxbuster/status/3949366883520
2025-02-03,8177091432901,@bharatfirst,Disappointed with no tax relief in this year’s budget.,https://twitter.com/bharatfirst/status/8177091432901
2025-02-11,9933666418894,@aamjanta,"This is a budget for the rich, not the middle class.",https://twitter.com/aamjanta/status/9933666418894
2025-02-27,7279750492166,@taxbuster,Disappointed with no tax relief in this year’s budget.,https://twitter.com/taxbuster/status/7279750492166
2025-03-10,1915260950110,@budgetwatch,The infrastructure spending plan looks solid this year.,https://twitter.com/budgetwatch/status/1915260950110
2025-02-07,8778165713536,@startupbuddy,Great step towards digital India. #Budget2025,https://twitter.com/startupbuddy/status/8778165713536
2025-02-15,5878260817262,@budgetwatch,Great step towards digital India. #Budget2025,https://twitter.com/budgetwatch/status/5878260817262
2025-03-10,2772664334571,@commonman123,Budget 2025 finally addresses the education sector. Much needed!,https://twitter.com/commonman123/status/2772664334571
2025-03-24,7050405319135,@budgetwatch,Where is the support for the salaried class?,https://twitter.com/budgetwatch/status/7050405319135
2025-02-14,8158902036645,@aamjanta,Disappointed with no tax relief in this year’s budget.,https://twitter.com/aamjanta/status/8158902036645
2025-03-17,8243282830972,@middleclasswarrior,Where is the support for the salaried class?,https://twitter.com/middleclasswarrior/status/8243282830972
2025-03-26,5997548495140,@bharatfirst,Where is the support for the salaried class?,https://twitter.com/bharatfirst/status/5997548495140
2025-03-11,2162200932469,@taxbuster,Disappointed with no tax relief in this year’s budget.,https://twitter.com/taxbuster/status/2162200932469
2025-03-07,2117225130716,@commonman123,"Too much focus on startups, not enough for agriculture.",https://twitter.com/commonman123/status/2117225130716
2025-02-28,3410713220379,@taxbuster,"This is a budget for the rich, not the middle class.",https://twitter.com/taxbuster/status/3410713220379
2025-02-17,2910333137195,@youthvoice,"Too much focus on startups, not enough for agriculture.",https://twitter.com/youthvoice/status/2910333137195
2025-03-03,5049024175917,@eco_voice,Budget 2025 finally addresses the education sector. Much needed!,https://twitter.com/eco_voice/status/5049024175917
2025-02-06,2894546134395,@indiapolitics,"Too much focus on startups, not enough for agriculture.",https://twitter.com/indiapolitics/status/2894546134395
2025-03-18,6709237991991,@middleclasswarrior,"Too much focus on startups, not enough for agriculture.",https://twitter.com/middleclasswarrior/status/6709237991991
2025-02-10,3985338050665,@startupbuddy,More allocation to healthcare is a welcome move.,https://twitter.com/startupbuddy/status/3985338050665
2025-04-01,3999270697340,@indiapolitics,Great step towards digital India. #Budget2025,https://twitter.com/indiapolitics/status/3999270697340
2025-03-09,4531354610061,@bharatfirst,Loved the emphasis on clean energy and sustainability!,https://twitter.com/bharatfirst/status/4531354610061
2025-02-08,2854158771666,@startupbuddy,"This is a budget for the rich, not the middle class.",https://twitter.com/startupbuddy/status/2854158771666
2025-03-10,3141137037155,@youthvoice,Loved the emphasis on clean energy and sustainability!,https://twitter.com/youthvoice/status/3141137037155
2025-03-28,7030943571230,@commonman123,The infrastructure spending plan looks solid this year.,https://twitter.com/commonman123/status/7030943571230
2025-04-04,4646160201745,@indiapolitics,"Too much focus on startups, not enough for agriculture.",https://twitter.com/indiapolitics/status/4646160201745
2025-03-07,7328053748766,@commonman123,Loved the emphasis on clean energy and sustainability!,https://twitter.com/commonman123/status/7328053748766
2025-03-16,7268686564385,@commonman123,Where is the support for the salaried class?,https://twitter.com/commonman123/status/7268686564385
2025-03-14,5930060440671,@budgetwatch,Budget 2025 finally addresses the education sector. Much needed!,https://twitter.com/budgetwatch/status/5930060440671
2025-04-05,3048877592459,@aamjanta,MSME sector got a boost. Hope it helps local businesses.,https://twitter.com/aamjanta/status/3048877592459
2025-04-05,9002756251208,@startupbuddy,"Too much focus on startups, not enough for agriculture.",https://twitter.com/startupbuddy/status/9002756251208
2025-02-15,3645041157736,@startupbuddy,More allocation to healthcare is a welcome move.,https://twitter.com/startupbuddy/status/3645041157736
2025-03-05,6842016074179,@aamjanta,Loved the emphasis on clean energy and sustainability!,https://twitter.com/aamjanta/status/6842016074179
2025-02-05,9486397424799,@eco_voice,MSME sector got a boost. Hope it helps local businesses.,https://twitter.com/eco_voice/status/9486397424799
2025-03-16,8170529169057,@bharatfirst,Budget 2025 finally addresses the education sector. Much needed!,https://twitter.com/bharatfirst/status/8170529169057
2025-02-05,4139936106783,@commonman123,MSME sector got a boost. Hope it helps local businesses.,https://twitter.com/commonman123/status/4139936106783
2025-03-11,1360315761321,@bharatfirst,MSME sector got a boost. Hope it helps local businesses.,https://twitter.com/bharatfirst/status/1360315761321
2025-02-12,1965064236179,@bharatfirst,Loved the emphasis on clean energy and sustainability!,https://twitter.com/bharatfirst/status/1965064236179
2025-02-06,2068345145945,@middleclasswarrior,The infrastructure spending plan looks solid this year.,https://twitter.com/middleclasswarrior/status/2068345145945
2025-04-08,2845432947288,@aamjanta,Great step towards digital India. #Budget2025,https://twitter.com/aamjanta/status/2845432947288
2025-03-13,2302485045479,@taxbuster,The infrastructure spending plan looks solid this year.,https://twitter.com/taxbuster/status/2302485045479
2025-02-10,5954457698701,@indiapolitics,MSME sector got a boost. Hope it helps local businesses.,https://twitter.com/indiapolitics/status/5954457698701
2025-03-16,1154176128363,@budgetwatch,More allocation to healthcare is a welcome move.,https://twitter.com/budgetwatch/status/1154176128363
2025-02-12,5036518326956,@taxbuster,Budget 2025 finally addresses the education sector. Much needed!,https://twitter.com/taxbuster/status/5036518326956
2025-03-08,1836249750376,@taxbuster,Disappointed with no tax relief in this year’s budget.,https://twitter.com/taxbuster/status/1836249750376
2025-02-22,2427370415588,@aamjanta,Loved the emphasis on clean energy and sustainability!,https://twitter.com/aamjanta/status/2427370415588
2025-03-28,9897449590989,@taxbuster,MSME sector got a boost. Hope it helps local businesses.,https://twitter.com/taxbuster/status/9897449590989
2025-03-10,6978550577354,@bharatfirst,"This is a budget for the rich, not the middle class.",https://twitter.com/bharatfirst/status/6978550577354
2025-02-28,3581063650719,@bharatfirst,Budget 2025 finally addresses the education sector. Much needed!,https://twitter.com/bharatfirst/status/3581063650719
2025-03-24,2430961309204,@indiapolitics,Where is the support for the salaried class?,https://twitter.com/indiapolitics/status/2430961309204
2025-02-27,2934963287154,@commonman123,"Too much focus on startups, not enough for agriculture.",https://twitter.com/commonman123/status/2934963287154
2025-02-23,2524961823743,@middleclasswarrior,Where is the support for the salaried class?,https://twitter.com/middleclasswarrior/status/2524961823743
2025-02-28,4738588677617,@commonman123,MSME sector got a boost. Hope it helps local businesses.,https://twitter.com/commonman123/status/4738588677617
2025-03-03,6378004715146,@middleclasswarrior,"This is a budget for the rich, not the middle class.",https://twitter.com/middleclasswarrior/status/6378004715146
2025-03-02,2203455149845,@middleclasswarrior,The infrastructure spending plan looks solid this year.,https://twitter.com/middleclasswarrior/status/2203455149845
2025-02-05,9026577543254,@eco_voice,Great step towards digital India. #Budget2025,https://twitter.com/eco_voice/status/9026577543254
2025-03-25,8658575487207,@eco_voice,More allocation to healthcare is a welcome move.,https://twitter.com/eco_voice/status/8658575487207
2025-04-08,6476090011856,@aamjanta,Loved the emphasis on clean energy and sustainability!,https://twitter.com/aamjanta/status/6476090011856
2025-02-01,5495004128256,@budgetwatch,More allocation to healthcare is a welcome move.,https://twitter.com/budgetwatch/status/5495004128256
2025-03-19,7626720077027,@middleclasswarrior,MSME sector got a boost. Hope it helps local businesses.,https://twitter.com/middleclasswarrior/status/7626720077027
2025-02-09,9393693939263,@startupbuddy,MSME sector got a boost. Hope it helps local businesses.,https://twitter.com/startupbuddy/status/9393693939263
2025-02-13,1649626170910,@commonman123,Disappointed with no tax relief in this year’s budget.,https://twitter.com/commonman123/status/1649626170910
2025-03-30,6294649749449,@taxbuster,"Too much focus on startups, not enough for agriculture.",https://twitter.com/taxbuster/status/6294649749449
2025-04-09,3204524546540,@youthvoice,"This is a budget for the rich, not the middle class.",https://twitter.com/youthvoice/status/3204524546540
2025-03-05,7797594829392,@budgetwatch,Disappointed with no tax relief in this year’s budget.,https://twitter.com/budgetwatch/status/7797594829392
2025-02-04,6180261666162,@aamjanta,Disappointed with no tax relief in this year’s budget.,https://twitter.com/aamjanta/status/6180261666162
2025-02-08,4727633921868,@youthvoice,MSME sector got a boost. Hope it helps local businesses.,https://twitter.com/youthvoice/status/4727633921868
2025-02-22,9668825119872,@youthvoice,"Too much focus on startups, not enough for agriculture.",https://twitter.com/youthvoice/status/9668825119872
2025-02-03,9093204094948,@bharatfirst,MSME sector got a boost. Hope it helps local businesses.,https://twitter.com/bharatfirst/status/9093204094948
2025-02-06,1150350779764,@commonman123,"Too much focus on startups, not enough for agriculture.",https://twitter.com/commonman123/status/1150350779764
2025-03-13,1335251551309,@eco_voice,More allocation to healthcare is a welcome move.,https://twitter.com/eco_voice/status/1335251551309
2025-02-16,2646740293567,@bharatfirst,"Too much focus on startups, not enough for agriculture.",https://twitter.com/bharatfirst/status/2646740293567
2025-03-03,7363410198026,@indiapolitics,Budget 2025 finally addresses the education sector. Much needed!,https://twitter.com/indiapolitics/status/7363410198026
2025-02-15,1977015033074,@eco_voice,Budget 2025 finally addresses the education sector. Much needed!,https://twitter.com/eco_voice/status/1977015033074
2025-04-10,7011684147287,@youthvoice,"Too much focus on startups, not enough for agriculture.",https://twitter.com/youthvoice/status/7011684147287
2025-03-05,5053738389718,@aamjanta,Budget 2025 finally addresses the education sector. Much needed!,https://twitter.com/aamjanta/status/5053738389718
2025-04-02,9301780313832,@commonman123,Where is the support for the salaried class?,https://twitter.com/commonman123/status/9301780313832
2025-02-12,7119637632392,@middleclasswarrior,Loved the emphasis on clean energy and sustainability!,https://twitter.com/middleclasswarrior/status/7119637632392
2025-04-08,3851490202114,@youthvoice,The infrastructure spending plan looks solid this year.,https://twitter.com/youthvoice/status/3851490202114
2025-02-27,9745955071514,@startupbuddy,More allocation to healthcare is a welcome move.,https://twitter.com/startupbuddy/status/9745955071514
2025-03-03,1214621874673,@budgetwatch,"This is a budget for the rich, not the middle class.",https://twitter.com/budgetwatch/status/1214621874673
2025-03-05,8487204819600,@bharatfirst,More allocation to healthcare is a welcome move.,https://twitter.com/bharatfirst/status/8487204819600
2025-03-13,2359368915385,@aamjanta,Disappointed with no tax relief in this year’s budget.,https://twitter.com/aamjanta/status/2359368915385
2025-02-02,5557546774157,@middleclasswarrior,Disappointed with no tax relief in this year’s budget.,https://twitter.com/middleclasswarrior/status/5557546774157
2025-04-11,5396546419724,@startupbuddy,Great step towards digital India. #Budget2025,https://twitter.com/startupbuddy/status/5396546419724
2025-03-12,7178546057038,@youthvoice,Disappointed with no tax relief in this year’s budget.,https://twitter.com/youthvoice/status/7178546057038
2025-03-31,5632076417985,@indiapolitics,"Too much focus on startups, not enough for agriculture.",https://twitter.com/indiapolitics/status/5632076417985
2025-02-05,4142436125088,@commonman123,Budget 2025 finally addresses the education sector. Much needed!,https://twitter.com/commonman123/status/4142436125088
2025-02-11,3098662459946,@indiapolitics,Loved the emphasis on clean energy and sustainability!,https://twitter.com/indiapolitics/status/3098662459946
2025-03-29,7199567572601,@indiapolitics,Budget 2025 finally addresses the education sector. Much needed!,https://twitter.com/indiapolitics/status/7199567572601
2025-02-16,1455867777376,@taxbuster,Where is the support for the salaried class?,https://twitter.com/taxbuster/status/1455867777376
2025-03-09,2584234237181,@aamjanta,Disappointed with no tax relief in this year’s budget.,https://twitter.com/aamjanta/status/2584234237181
2025-02-01,8927836388201,@taxbuster,Budget 2025 finally addresses the education sector. Much needed!,https://twitter.com/taxbuster/status/8927836388201
2025-03-15,1348710078432,@indiapolitics,Loved the emphasis on clean energy and sustainability!,https://twitter.com/indiapolitics/status/1348710078432
2025-04-08,8255096188229,@bharatfirst,The infrastructure spending plan looks solid this year.,https://twitter.com/bharatfirst/status/8255096188229
2025-02-17,5981293035505,@middleclasswarrior,MSME sector got a boost. Hope it helps local businesses.,https://twitter.com/middleclasswarrior/status/5981293035505
2025-03-23,2832254254355,@youthvoice,Great step towards digital India. #Budget2025,https://twitter.com/youthvoice/status/2832254254355
2025-02-05,7480875610923,@bharatfirst,"Too much focus on startups, not enough for agriculture.",https://twitter.com/bharatfirst/status/7480875610923
2025-02-10,6416034748709,@taxbuster,Budget 2025 finally addresses the education sector. Much needed!,https://twitter.com/taxbuster/status/6416034748709
2025-02-16,6358354339058,@aamjanta,More allocation to healthcare is a welcome move.,https://twitter.com/aamjanta/status/6358354339058
2025-02-01,7824952337912,@budgetwatch,"Too much focus on startups, not enough for agriculture.",https://twitter.com/budgetwatch/status/7824952337912
2025-02-22,2061252356330,@aamjanta,Budget 2025 finally addresses the education sector. Much needed!,https://twitter.com/aamjanta/status/2061252356330
2025-03-27,9852868148629,@aamjanta,MSME sector got a boost. Hope it helps local businesses.,https://twitter.com/aamjanta/status/9852868148629
2025-04-05,1339132900887,@startupbuddy,MSME sector got a boost. Hope it helps local businesses.,https://twitter.com/startupbuddy/status/1339132900887
2025-02-19,1116946206682,@middleclasswarrior,The infrastructure spending plan looks solid this year.,https://twitter.com/middleclasswarrior/status/1116946206682
2025-03-24,8705823171392,@startupbuddy,Where is the support for the salaried class?,https://twitter.com/startupbuddy/status/8705823171392
2025-04-11,3363374978961,@eco_voice,Great step towards digital India. #Budget2025,https://twitter.com/eco_voice/status/3363374978961
2025-04-03,5733095254745,@taxbuster,"This is a budget for the rich, not the middle class.",https://twitter.com/taxbuster/status/5733095254745
2025-04-01,2186019313558,@bharatfirst,Disappointed with no tax relief in this year’s budget.,https://twitter.com/bharatfirst/status/2186019313558
2025-02-01,8074777255698,@youthvoice,More allocation to healthcare is a welcome move.,https://twitter.com/youthvoice/status/8074777255698
2025-02-23,7817523677749,@youthvoice,Great step towards digital India. #Budget2025,https://twitter.com/youthvoice/status/7817523677749
2025-03-03,6960916332323,@eco_voice,Where is the support for the salaried class?,https://twitter.com/eco_voice/status/6960916332323
2025-03-23,4100427349181,@middleclasswarrior,More allocation to healthcare is a welcome move.,https://twitter.com/middleclasswarrior/status/4100427349181
2025-03-26,3773271667375,@commonman123,Loved the emphasis on clean energy and sustainability!,https://twitter.com/commonman123/status/3773271667375
2025-02-11,5923008502532,@indiapolitics,MSME sector got a boost. Hope it helps local businesses.,https://twitter.com/indiapolitics/status/5923008502532
2025-03-22,5354183398017,@eco_voice,"Too much focus on startups, not enough for agriculture.",https://twitter.com/eco_voice/status/5354183398017
2025-02-09,2314307663493,@eco_voice,"This is a budget for the rich, not the middle class.",https://twitter.com/eco_voice/status/2314307663493
2025-04-09,2678771176029,@taxbuster,Great step towards digital India. #Budget2025,https://twitter.com/taxbuster/status/2678771176029
2025-02-25,9302338022280,@aamjanta,Loved the emphasis on clean energy and sustainability!,https://twitter.com/aamjanta/status/9302338022280
2025-03-30,3676047162991,@budgetwatch,Great step towards digital India. #Budget2025,https://twitter.com/budgetwatch/status/3676047162991
2025-04-06,3866884706627,@middleclasswarrior,More allocation to healthcare is a welcome move.,https://twitter.com/middleclasswarrior/status/3866884706627
2025-03-07,2081906095585,@eco_voice,Great step towards digital India. #Budget2025,https://twitter.com/eco_voice/status/2081906095585
2025-02-18,8189649593442,@middleclasswarrior,Loved the emphasis on clean energy and sustainability!,https://twitter.com/middleclasswarrior/status/8189649593442
2025-03-17,2405520113659,@aamjanta,Disappointed with no tax relief in this year’s budget.,https://twitter.com/aamjanta/status/2405520113659
2025-03-28,8978841164112,@taxbuster,"This is a budget for the rich, not the middle class.",https://twitter.com/taxbuster/status/8978841164112
2025-04-05,5299784505301,@commonman123,Disappointed with no tax relief in this year’s budget.,https://twitter.com/commonman123/status/5299784505301
2025-02-23,5841793192145,@budgetwatch,Where is the support for the salaried class?,https://twitter.com/budgetwatch/status/5841793192145
2025-03-04,8431001362488,@taxbuster,More allocation to healthcare is a welcome move.,https://twitter.com/taxbuster/status/8431001362488
2025-03-01,3755774437531,@youthvoice,Disappointed with no tax relief in this year’s budget.,https://twitter.com/youthvoice/status/3755774437531
2025-02-21,5199610447954,@taxbuster,MSME sector got a boost. Hope it helps local businesses.,https://twitter.com/taxbuster/status/5199610447954
2025-02-17,5425543013197,@youthvoice,MSME sector got a boost. Hope it helps local businesses.,https://twitter.com/youthvoice/status/5425543013197
2025-02-16,1326957790227,@commonman123,MSME sector got a boost. Hope it helps local businesses.,https://twitter.com/commonman123/status/1326957790227
2025-02-21,8032239781347,@youthvoice,More allocation to healthcare is a welcome move.,https://twitter.com/youthvoice/status/8032239781347
2025-03-12,9371777883967,@middleclasswarrior,Where is the support for the salaried class?,https://twitter.com/middleclasswarrior/status/9371777883967
2025-02-03,3657210046725,@startupbuddy,Loved the emphasis on clean energy and sustainability!,https://twitter.com/startupbuddy/status/3657210046725
2025-02-25,9918021269416,@startupbuddy,"Too much focus on startups, not enough for agriculture.",https://twitter.com/startupbuddy/status/9918021269416
2025-03-21,9835343121250,@indiapolitics,Where is the support for the salaried class?,https://twitter.com/indiapolitics/status/9835343121250
